{
    "type": "minecraft:vegetation_patch",
    "config": {
        "surface": "floor",
        "depth": {
            "type": "minecraft:uniform",
            "min_inclusive": 1,
            "max_inclusive": 2
        },
        "vertical_range": 3,
        "extra_bottom_block_chance": 0.5,
        "extra_edge_column_chance": 0.5,
        "vegetation_chance": 0.05,
        "xz_radius": {
            "type": "minecraft:uniform",
            "min_inclusive": 2,
            "max_inclusive": 5
        },
        "replaceable": "#far_end:end_stone",
        "ground_state": {
            "type": "minecraft:weighted_state_provider",
            "entries": [
                {
                    "weight": 4,
                    "data": {
                        "Name": "minecraft:end_stone"
                    }
                },
                {
                    "weight": 1,
                    "data": {
                        "Name": "minecraft:cobblestone"
                    }
                },
                {
                    "weight": 1,
                    "data": {
                        "Name": "minecraft:andesite"
                    }
                }
            ]
        },
        "vegetation_feature": {
            "feature": {
                "type": "minecraft:netherrack_replace_blobs",
                "config": {
                    "state": {
                        "Name": "minecraft:tuff"
                    },
                    "target": {
                        "Name": "minecraft:end_stone"
                    },
                    "radius": {
                        "type": "minecraft:uniform",
                        "min_inclusive": 0,
                        "max_inclusive": 1
                    }
                }
            },
            "placement": []
        }
    }
}