{
	"parent": "stellarity:events/root",
	"criteria": {
		"eat_crystal_heartfish": {
			"trigger": "minecraft:consume_item",
			"conditions": {
				"item": {
					"items": [
						"minecraft:cooked_cod"
					],
					"components": {
						"minecraft:custom_data": "{stellarity.special_item:\"crystal_heartfish\"}"
					}
				}
			}
		}
	},
	"requirements": [
		[
			"eat_crystal_heartfish"
		]
	],
	"rewards": {
		"function": "stellarity:items/food/fish/crystal_heartfish/eat"
	}
}
