{
	"display": {
		"icon": {
			"id": "minecraft:player_head",
			"components": {
				"minecraft:profile": {
					"name": "Bush_Lord"
				}
			}
		},
		"title": {
			"translate": "stellarity.advancements.find_a_head",
			"fallback": "Heading for The Secrets"
		},
		"description": {
			"translate": "stellarity.advancements.find_a_head.description",
			"fallback": "Find a rare Treasure Head. They serve no purpose, but are nice collectibles",
			"color": "aqua"
		},
		"frame": "goal",
		"show_toast": true,
		"announce_to_chat": true,
		"hidden": true
	},
	"parent": "minecraft:end/kill_dragon",
	"criteria": {
		"obtain_head": {
			"trigger": "minecraft:inventory_changed",
			"conditions": {
				"items": [
					{
						"items": [
							"minecraft:player_head"
						],
						"components": {
							"minecraft:custom_data": "{stellarity.special_item:\"treasure_head\"}"
						}
					}
				]
			}
		}
	},
	"requirements": [
		[
			"obtain_head"
		]
	]
}
