{
	"display": {
		"icon": {
			"id": "minecraft:player_head",
			"components": {
				"minecraft:enchantment_glint_override": true,
				"minecraft:profile": "kohara_"
			}
		},
		"title": {
			"translate": "stellarity.advancements.headhunter",
			"fallback": "Headhunter"
		},
		"description": [
			{
				"translate": "stellarity.advancements.headhunter.description",
				"fallback": "Find EVERY collectible Head",
				"color": "dark_aqua"
			},
			"\n",
			{
				"translate": "stellarity.advancements.headhunter.tip",
				"fallback": "ᴛɪᴘ: ʏᴏᴜ ᴄᴀɴ ʀᴇ-ʀᴏʟʟ ᴅᴜᴘʟɪᴄᴀᴛᴇs ᴀᴛ ᴛʜᴇ ᴀʟᴛᴀʀ ᴏғ ᴛʜᴇ sᴀᴄʀᴇᴅ",
				"color": "#727272",
				"italic": true
			}
		],
		"frame": "challenge",
		"show_toast": true,
		"announce_to_chat": true,
		"hidden": false
	},
	"parent": "stellarity:find_a_head",
	"criteria": {
		"1": {"trigger": "minecraft:inventory_changed","conditions":{"items":[{"items": ["minecraft:player_head"],"components":{
  "minecraft:custom_data": {
    "stellarity.head_id": 1}}}]}},
		"2": {"trigger": "minecraft:inventory_changed","conditions":{"items":[{"items": ["minecraft:player_head"],"components":{
  "minecraft:custom_data": {
    "stellarity.head_id": 2}}}]}},
		"3": {"trigger": "minecraft:inventory_changed","conditions":{"items":[{"items": ["minecraft:player_head"],"components":{
  "minecraft:custom_data": {
    "stellarity.head_id": 3}}}]}},
		"4": {"trigger": "minecraft:inventory_changed","conditions":{"items":[{"items": ["minecraft:player_head"],"components":{
  "minecraft:custom_data": {
    "stellarity.head_id": 4}}}]}},
		"5": {"trigger": "minecraft:inventory_changed","conditions":{"items":[{"items": ["minecraft:player_head"],"components":{
  "minecraft:custom_data": {
    "stellarity.head_id": 5}}}]}},
		"6": {"trigger": "minecraft:inventory_changed","conditions":{"items":[{"items": ["minecraft:player_head"],"components":{
  "minecraft:custom_data": {
    "stellarity.head_id": 6}}}]}},
		"7": {"trigger": "minecraft:inventory_changed","conditions":{"items":[{"items": ["minecraft:player_head"],"components":{
  "minecraft:custom_data": {
    "stellarity.head_id": 7}}}]}},
		"8": {"trigger": "minecraft:inventory_changed","conditions":{"items":[{"items": ["minecraft:player_head"],"components":{
  "minecraft:custom_data": {
    "stellarity.head_id": 8}}}]}},
		"9": {"trigger": "minecraft:inventory_changed","conditions":{"items":[{"items": ["minecraft:player_head"],"components":{
  "minecraft:custom_data": {
    "stellarity.head_id": 9}}}]}},
		"10": {"trigger": "minecraft:inventory_changed","conditions":{"items":[{"items": ["minecraft:player_head"],"components":{
  "minecraft:custom_data": {
    "stellarity.head_id": 10}}}]}},
		"11": {"trigger": "minecraft:inventory_changed","conditions":{"items":[{"items": ["minecraft:player_head"],"components":{
  "minecraft:custom_data": {
    "stellarity.head_id": 11}}}]}},
		"12": {"trigger": "minecraft:inventory_changed","conditions":{"items":[{"items": ["minecraft:player_head"],"components":{
  "minecraft:custom_data": {
    "stellarity.head_id": 12}}}]}},
		"13": {"trigger": "minecraft:inventory_changed","conditions":{"items":[{"items": ["minecraft:player_head"],"components":{
  "minecraft:custom_data": {
    "stellarity.head_id": 13}}}]}},
		"14": {"trigger": "minecraft:inventory_changed","conditions":{"items":[{"items": ["minecraft:player_head"],"components":{
  "minecraft:custom_data": {
    "stellarity.head_id": 14}}}]}},
		"15": {"trigger": "minecraft:inventory_changed","conditions":{"items":[{"items": ["minecraft:player_head"],"components":{
  "minecraft:custom_data": {
    "stellarity.head_id": 15}}}]}},
		"16": {"trigger": "minecraft:inventory_changed","conditions":{"items":[{"items": ["minecraft:player_head"],"components":{
  "minecraft:custom_data": {
    "stellarity.head_id": 16}}}]}},
		"17": {"trigger": "minecraft:inventory_changed","conditions":{"items":[{"items": ["minecraft:player_head"],"components":{
  "minecraft:custom_data": {
    "stellarity.head_id": 17}}}]}},
		"18": {"trigger": "minecraft:inventory_changed","conditions":{"items":[{"items": ["minecraft:player_head"],"components":{
  "minecraft:custom_data": {
    "stellarity.head_id": 18}}}]}},
		"19": {"trigger": "minecraft:inventory_changed","conditions":{"items":[{"items": ["minecraft:player_head"],"components":{
  "minecraft:custom_data": {
    "stellarity.head_id": 19}}}]}},
		"20": {"trigger": "minecraft:inventory_changed","conditions":{"items":[{"items": ["minecraft:player_head"],"components":{
  "minecraft:custom_data": {
    "stellarity.head_id": 20}}}]}},
		"21": {"trigger": "minecraft:inventory_changed","conditions":{"items":[{"items": ["minecraft:player_head"],"components":{
  "minecraft:custom_data": {
    "stellarity.head_id": 21}}}]}},
		"22": {"trigger": "minecraft:inventory_changed","conditions":{"items":[{"items": ["minecraft:player_head"],"components":{
  "minecraft:custom_data": {
    "stellarity.head_id": 22}}}]}},
		"23": {"trigger": "minecraft:inventory_changed","conditions":{"items":[{"items": ["minecraft:player_head"],"components":{
  "minecraft:custom_data": {
    "stellarity.head_id": 23}}}]}},
		"24": {"trigger": "minecraft:inventory_changed","conditions":{"items":[{"items": ["minecraft:player_head"],"components":{
  "minecraft:custom_data": {
    "stellarity.head_id": 24}}}]}},
		"25": {"trigger": "minecraft:inventory_changed","conditions":{"items":[{"items": ["minecraft:player_head"],"components":{
  "minecraft:custom_data": {
    "stellarity.head_id": 25}}}]}},
		"26": {"trigger": "minecraft:inventory_changed","conditions":{"items":[{"items": ["minecraft:player_head"],"components":{
  "minecraft:custom_data": {
    "stellarity.head_id": 26}}}]}},
		"27": {"trigger": "minecraft:inventory_changed","conditions":{"items":[{"items": ["minecraft:player_head"],"components":{
  "minecraft:custom_data": {
    "stellarity.head_id": 27}}}]}},
		"28": {"trigger": "minecraft:inventory_changed","conditions":{"items":[{"items": ["minecraft:player_head"],"components":{
  "minecraft:custom_data": {
    "stellarity.head_id": 28}}}]}},
		"29": {"trigger": "minecraft:inventory_changed","conditions":{"items":[{"items": ["minecraft:player_head"],"components":{
  "minecraft:custom_data": {
    "stellarity.head_id": 29}}}]}},
		"30": {"trigger": "minecraft:inventory_changed","conditions":{"items":[{"items": ["minecraft:player_head"],"components":{
  "minecraft:custom_data": {
    "stellarity.head_id": 30}}}]}},
		"31": {"trigger": "minecraft:inventory_changed","conditions":{"items":[{"items": ["minecraft:player_head"],"components":{
  "minecraft:custom_data": {
    "stellarity.head_id": 31}}}]}},
		"32": {"trigger": "minecraft:inventory_changed","conditions":{"items":[{"items": ["minecraft:player_head"],"components":{
  "minecraft:custom_data": {
    "stellarity.head_id": 32}}}]}},
		"33": {"trigger": "minecraft:inventory_changed","conditions":{"items":[{"items": ["minecraft:player_head"],"components":{
  "minecraft:custom_data": {
    "stellarity.head_id": 33}}}]}},
		"34": {"trigger": "minecraft:inventory_changed","conditions":{"items":[{"items": ["minecraft:player_head"],"components":{
  "minecraft:custom_data": {
    "stellarity.head_id": 34}}}]}},
		"35": {"trigger": "minecraft:inventory_changed","conditions":{"items":[{"items": ["minecraft:player_head"],"components":{
  "minecraft:custom_data": {
    "stellarity.head_id": 35}}}]}},
		"36": {"trigger": "minecraft:inventory_changed","conditions":{"items":[{"items": ["minecraft:player_head"],"components":{
  "minecraft:custom_data": {
    "stellarity.head_id": 36}}}]}},
		"37": {"trigger": "minecraft:inventory_changed","conditions":{"items":[{"items": ["minecraft:player_head"],"components":{
  "minecraft:custom_data": {
    "stellarity.head_id": 37}}}]}},
		"38": {"trigger": "minecraft:inventory_changed","conditions":{"items":[{"items": ["minecraft:player_head"],"components":{
  "minecraft:custom_data": {
    "stellarity.head_id": 38}}}]}},
		"39": {"trigger": "minecraft:inventory_changed","conditions":{"items":[{"items": ["minecraft:player_head"],"components":{
  "minecraft:custom_data": {
    "stellarity.head_id": 39}}}]}},
		"40": {"trigger": "minecraft:inventory_changed","conditions":{"items":[{"items": ["minecraft:player_head"],"components":{
  "minecraft:custom_data": {
    "stellarity.head_id": 40}}}]}},
		"41": {"trigger": "minecraft:inventory_changed","conditions":{"items":[{"items": ["minecraft:player_head"],"components":{
  "minecraft:custom_data": {
    "stellarity.head_id": 41}}}]}},
		"42": {"trigger": "minecraft:inventory_changed","conditions":{"items":[{"items": ["minecraft:player_head"],"components":{
  "minecraft:custom_data": {
    "stellarity.head_id": 42}}}]}},
		"43": {"trigger": "minecraft:inventory_changed","conditions":{"items":[{"items": ["minecraft:player_head"],"components":{
  "minecraft:custom_data": {
    "stellarity.head_id": 43}}}]}},
		"44": {"trigger": "minecraft:inventory_changed","conditions":{"items":[{"items": ["minecraft:player_head"],"components":{
  "minecraft:custom_data": {
    "stellarity.head_id": 44}}}]}},
		"45": {"trigger": "minecraft:inventory_changed","conditions":{"items":[{"items": ["minecraft:player_head"],"components":{
  "minecraft:custom_data": {
    "stellarity.head_id": 45}}}]}},
		"46": {"trigger": "minecraft:inventory_changed","conditions":{"items":[{"items": ["minecraft:player_head"],"components":{
  "minecraft:custom_data": {
    "stellarity.head_id": 46}}}]}},
		"47": {"trigger": "minecraft:inventory_changed","conditions":{"items":[{"items": ["minecraft:player_head"],"components":{
  "minecraft:custom_data": {
    "stellarity.head_id": 47}}}]}},
		"48": {"trigger": "minecraft:inventory_changed","conditions":{"items":[{"items": ["minecraft:player_head"],"components":{
  "minecraft:custom_data": {
    "stellarity.head_id": 48}}}]}},
		"49": {"trigger": "minecraft:inventory_changed","conditions":{"items":[{"items": ["minecraft:player_head"],"components":{
  "minecraft:custom_data": {
    "stellarity.head_id": 49}}}]}},
		"50": {"trigger": "minecraft:inventory_changed","conditions":{"items":[{"items": ["minecraft:player_head"],"components":{
  "minecraft:custom_data": {
    "stellarity.head_id": 50}}}]}},
		"51": {"trigger": "minecraft:inventory_changed","conditions":{"items":[{"items": ["minecraft:player_head"],"components":{
  "minecraft:custom_data": {
    "stellarity.head_id": 51}}}]}},
		"52": {"trigger": "minecraft:inventory_changed","conditions":{"items":[{"items": ["minecraft:player_head"],"components":{
  "minecraft:custom_data": {
    "stellarity.head_id": 52}}}]}},
		"53": {"trigger": "minecraft:inventory_changed","conditions":{"items":[{"items": ["minecraft:player_head"],"components":{
  "minecraft:custom_data": {
    "stellarity.head_id": 53}}}]}},
		"54": {"trigger": "minecraft:inventory_changed","conditions":{"items":[{"items": ["minecraft:player_head"],"components":{
  "minecraft:custom_data": {
    "stellarity.head_id": 54}}}]}},
		"55": {"trigger": "minecraft:inventory_changed","conditions":{"items":[{"items": ["minecraft:player_head"],"components":{
  "minecraft:custom_data": {
    "stellarity.head_id": 55}}}]}},
		"56": {"trigger": "minecraft:inventory_changed","conditions":{"items":[{"items": ["minecraft:player_head"],"components":{
  "minecraft:custom_data": {
    "stellarity.head_id": 56}}}]}},
		"57": {"trigger": "minecraft:inventory_changed","conditions":{"items":[{"items": ["minecraft:player_head"],"components":{
  "minecraft:custom_data": {
    "stellarity.head_id": 57}}}]}},
		"58": {"trigger": "minecraft:inventory_changed","conditions":{"items":[{"items": ["minecraft:player_head"],"components":{
  "minecraft:custom_data": {
    "stellarity.head_id": 58}}}]}},
		"59": {"trigger": "minecraft:inventory_changed","conditions":{"items":[{"items": ["minecraft:player_head"],"components":{
  "minecraft:custom_data": {
    "stellarity.head_id": 59}}}]}},
		"60": {"trigger": "minecraft:inventory_changed","conditions":{"items":[{"items": ["minecraft:player_head"],"components":{
  "minecraft:custom_data": {
    "stellarity.head_id": 60}}}]}},
		"61": {"trigger": "minecraft:inventory_changed","conditions":{"items":[{"items": ["minecraft:player_head"],"components":{
  "minecraft:custom_data": {
    "stellarity.head_id": 61}}}]}},
		"62": {"trigger": "minecraft:inventory_changed","conditions":{"items":[{"items": ["minecraft:player_head"],"components":{
  "minecraft:custom_data": {
    "stellarity.head_id": 62}}}]}},
		"63": {"trigger": "minecraft:inventory_changed","conditions":{"items":[{"items": ["minecraft:player_head"],"components":{
  "minecraft:custom_data": {
    "stellarity.head_id": 63}}}]}},
		"64": {"trigger": "minecraft:inventory_changed","conditions":{"items":[{"items": ["minecraft:player_head"],"components":{
  "minecraft:custom_data": {
    "stellarity.head_id": 64}}}]}},
		"65": {"trigger": "minecraft:inventory_changed","conditions":{"items":[{"items": ["minecraft:player_head"],"components":{
  "minecraft:custom_data": {
    "stellarity.head_id": 65}}}]}},
		"66": {"trigger": "minecraft:inventory_changed","conditions":{"items":[{"items": ["minecraft:player_head"],"components":{
  "minecraft:custom_data": {
    "stellarity.head_id": 66}}}]}},
		"67": {"trigger": "minecraft:inventory_changed","conditions":{"items":[{"items": ["minecraft:player_head"],"components":{
  "minecraft:custom_data": {
    "stellarity.head_id": 67}}}]}},
		"68": {"trigger": "minecraft:inventory_changed","conditions":{"items":[{"items": ["minecraft:player_head"],"components":{
  "minecraft:custom_data": {
    "stellarity.head_id": 68}}}]}},
		"69": {"trigger": "minecraft:inventory_changed","conditions":{"items":[{"items": ["minecraft:player_head"],"components":{
  "minecraft:custom_data": {
    "stellarity.head_id": 69}}}]}},
		"70": {"trigger": "minecraft:inventory_changed","conditions":{"items":[{"items": ["minecraft:player_head"],"components":{
  "minecraft:custom_data": {
    "stellarity.head_id": 70}}}]}},
		"71": {"trigger": "minecraft:inventory_changed","conditions":{"items":[{"items": ["minecraft:player_head"],"components":{
  "minecraft:custom_data": {
    "stellarity.head_id": 71}}}]}},
		"72": {"trigger": "minecraft:inventory_changed","conditions":{"items":[{"items": ["minecraft:player_head"],"components":{
  "minecraft:custom_data": {
    "stellarity.head_id": 72}}}]}},
		"73": {"trigger": "minecraft:inventory_changed","conditions":{"items":[{"items": ["minecraft:player_head"],"components":{
  "minecraft:custom_data": {
    "stellarity.head_id": 73}}}]}},
		"74": {"trigger": "minecraft:inventory_changed","conditions":{"items":[{"items": ["minecraft:player_head"],"components":{
  "minecraft:custom_data": {
    "stellarity.head_id": 74}}}]}},
		"75": {"trigger": "minecraft:inventory_changed","conditions":{"items":[{"items": ["minecraft:player_head"],"components":{
  "minecraft:custom_data": {
    "stellarity.head_id": 75}}}]}},
		"76": {"trigger": "minecraft:inventory_changed","conditions":{"items":[{"items": ["minecraft:player_head"],"components":{
  "minecraft:custom_data": {
    "stellarity.head_id": 76}}}]}},
		"77": {"trigger": "minecraft:inventory_changed","conditions":{"items":[{"items": ["minecraft:player_head"],"components":{
  "minecraft:custom_data": {
    "stellarity.head_id": 77}}}]}},
		"78": {"trigger": "minecraft:inventory_changed","conditions":{"items":[{"items": ["minecraft:player_head"],"components":{
  "minecraft:custom_data": {
    "stellarity.head_id": 78}}}]}},
		"79": {"trigger": "minecraft:inventory_changed","conditions":{"items":[{"items": ["minecraft:player_head"],"components":{
  "minecraft:custom_data": {
    "stellarity.head_id": 79}}}]}},
		"80": {"trigger": "minecraft:inventory_changed","conditions":{"items":[{"items": ["minecraft:player_head"],"components":{
  "minecraft:custom_data": {
    "stellarity.head_id": 80}}}]}},
		"81": {"trigger": "minecraft:inventory_changed","conditions":{"items":[{"items": ["minecraft:player_head"],"components":{
  "minecraft:custom_data": {
    "stellarity.head_id": 81}}}]}},
		"82": {"trigger": "minecraft:inventory_changed","conditions":{"items":[{"items": ["minecraft:player_head"],"components":{
  "minecraft:custom_data": {
    "stellarity.head_id": 82}}}]}},
		"83": {"trigger": "minecraft:inventory_changed","conditions":{"items":[{"items": ["minecraft:player_head"],"components":{
  "minecraft:custom_data": {
    "stellarity.head_id": 83}}}]}},
		"84": {"trigger": "minecraft:inventory_changed","conditions":{"items":[{"items": ["minecraft:player_head"],"components":{
  "minecraft:custom_data": {
    "stellarity.head_id": 84}}}]}},
		"85": {"trigger": "minecraft:inventory_changed","conditions":{"items":[{"items": ["minecraft:player_head"],"components":{
  "minecraft:custom_data": {
    "stellarity.head_id": 85}}}]}},
		"86": {"trigger": "minecraft:inventory_changed","conditions":{"items":[{"items": ["minecraft:player_head"],"components":{
  "minecraft:custom_data": {
    "stellarity.head_id": 86}}}]}},
		"87": {"trigger": "minecraft:inventory_changed","conditions":{"items":[{"items": ["minecraft:player_head"],"components":{
  "minecraft:custom_data": {
    "stellarity.head_id": 87}}}]}},
		"88": {"trigger": "minecraft:inventory_changed","conditions":{"items":[{"items": ["minecraft:player_head"],"components":{
  "minecraft:custom_data": {
    "stellarity.head_id": 88}}}]}},
		"89": {"trigger": "minecraft:inventory_changed","conditions":{"items":[{"items": ["minecraft:player_head"],"components":{
  "minecraft:custom_data": {
    "stellarity.head_id": 89}}}]}},
		"90": {"trigger": "minecraft:inventory_changed","conditions":{"items":[{"items": ["minecraft:player_head"],"components":{
  "minecraft:custom_data": {
    "stellarity.head_id": 90}}}]}},
		"91": {"trigger": "minecraft:inventory_changed","conditions":{"items":[{"items": ["minecraft:player_head"],"components":{
  "minecraft:custom_data": {
    "stellarity.head_id": 91}}}]}},
		"92": {"trigger": "minecraft:inventory_changed","conditions":{"items":[{"items": ["minecraft:player_head"],"components":{
  "minecraft:custom_data": {
    "stellarity.head_id": 92}}}]}},
		"93": {"trigger": "minecraft:inventory_changed","conditions":{"items":[{"items": ["minecraft:player_head"],"components":{
  "minecraft:custom_data": {
    "stellarity.head_id": 93}}}]}},
		"94": {"trigger": "minecraft:inventory_changed","conditions":{"items":[{"items": ["minecraft:player_head"],"components":{
  "minecraft:custom_data": {
    "stellarity.head_id": 94}}}]}},
		"95": {"trigger": "minecraft:inventory_changed","conditions":{"items":[{"items": ["minecraft:player_head"],"components":{
  "minecraft:custom_data": {
    "stellarity.head_id": 95}}}]}},
		"96": {"trigger": "minecraft:inventory_changed","conditions":{"items":[{"items": ["minecraft:player_head"],"components":{
  "minecraft:custom_data": {
    "stellarity.head_id": 96}}}]}},
		"97": {"trigger": "minecraft:inventory_changed","conditions":{"items":[{"items": ["minecraft:player_head"],"components":{
  "minecraft:custom_data": {
    "stellarity.head_id": 97}}}]}},
		"98": {"trigger": "minecraft:inventory_changed","conditions":{"items":[{"items": ["minecraft:player_head"],"components":{
  "minecraft:custom_data": {
    "stellarity.head_id": 98}}}]}},
		"99": {"trigger": "minecraft:inventory_changed","conditions":{"items":[{"items": ["minecraft:player_head"],"components":{
  "minecraft:custom_data": {
    "stellarity.head_id": 99}}}]}},
		"100": {"trigger": "minecraft:inventory_changed","conditions":{"items":[{"items": ["minecraft:player_head"],"components":{
  "minecraft:custom_data": {
    "stellarity.head_id": 100}}}]}},
		"101": {"trigger": "minecraft:inventory_changed","conditions":{"items":[{"items": ["minecraft:player_head"],"components":{
  "minecraft:custom_data": {
    "stellarity.head_id": 101}}}]}},
		"102": {"trigger": "minecraft:inventory_changed","conditions":{"items":[{"items": ["minecraft:player_head"],"components":{
  "minecraft:custom_data": {
    "stellarity.head_id": 102}}}]}},
		"103": {"trigger": "minecraft:inventory_changed","conditions":{"items":[{"items": ["minecraft:player_head"],"components":{
  "minecraft:custom_data": {
    "stellarity.head_id": 103}}}]}},
		"104": {"trigger": "minecraft:inventory_changed","conditions":{"items":[{"items": ["minecraft:player_head"],"components":{
  "minecraft:custom_data": {
    "stellarity.head_id": 104}}}]}},
		"105": {"trigger": "minecraft:inventory_changed","conditions":{"items":[{"items": ["minecraft:player_head"],"components":{
  "minecraft:custom_data": {
    "stellarity.head_id": 105}}}]}},
		"106": {"trigger": "minecraft:inventory_changed","conditions":{"items":[{"items": ["minecraft:player_head"],"components":{
  "minecraft:custom_data": {
    "stellarity.head_id": 106}}}]}},
		"107": {"trigger": "minecraft:inventory_changed","conditions":{"items":[{"items": ["minecraft:player_head"],"components":{
  "minecraft:custom_data": {
    "stellarity.head_id": 107}}}]}},
		"108": {"trigger": "minecraft:inventory_changed","conditions":{"items":[{"items": ["minecraft:player_head"],"components":{
  "minecraft:custom_data": {
    "stellarity.head_id": 108}}}]}},
		"109": {"trigger": "minecraft:inventory_changed","conditions":{"items":[{"items": ["minecraft:player_head"],"components":{
  "minecraft:custom_data": {
    "stellarity.head_id": 109}}}]}},
		"110": {"trigger": "minecraft:inventory_changed","conditions":{"items":[{"items": ["minecraft:player_head"],"components":{
  "minecraft:custom_data": {
    "stellarity.head_id": 110}}}]}},
		"111": {"trigger": "minecraft:inventory_changed","conditions":{"items":[{"items": ["minecraft:player_head"],"components":{
  "minecraft:custom_data": {
    "stellarity.head_id": 111}}}]}},
		"112": {"trigger": "minecraft:inventory_changed","conditions":{"items":[{"items": ["minecraft:player_head"],"components":{
  "minecraft:custom_data": {
    "stellarity.head_id": 112}}}]}},
		"113": {"trigger": "minecraft:inventory_changed","conditions":{"items":[{"items": ["minecraft:player_head"],"components":{
  "minecraft:custom_data": {
    "stellarity.head_id": 113}}}]}},
		"114": {"trigger": "minecraft:inventory_changed","conditions":{"items":[{"items": ["minecraft:player_head"],"components":{
  "minecraft:custom_data": {
    "stellarity.head_id": 114}}}]}},
		"115": {"trigger": "minecraft:inventory_changed","conditions":{"items":[{"items": ["minecraft:player_head"],"components":{
  "minecraft:custom_data": {
    "stellarity.head_id": 115}}}]}},
		"116": {"trigger": "minecraft:inventory_changed","conditions":{"items":[{"items": ["minecraft:player_head"],"components":{
  "minecraft:custom_data": {
    "stellarity.head_id": 116}}}]}},
		"117": {"trigger": "minecraft:inventory_changed","conditions":{"items":[{"items": ["minecraft:player_head"],"components":{
  "minecraft:custom_data": {
    "stellarity.head_id": 117}}}]}},
		"118": {"trigger": "minecraft:inventory_changed","conditions":{"items":[{"items": ["minecraft:player_head"],"components":{
  "minecraft:custom_data": {
    "stellarity.head_id": 118}}}]}},
		"119": {"trigger": "minecraft:inventory_changed","conditions":{"items":[{"items": ["minecraft:player_head"],"components":{
  "minecraft:custom_data": {
    "stellarity.head_id": 119}}}]}},
		"120": {"trigger": "minecraft:inventory_changed","conditions":{"items":[{"items": ["minecraft:player_head"],"components":{
  "minecraft:custom_data": {
    "stellarity.head_id": 120}}}]}},
		"121": {"trigger": "minecraft:inventory_changed","conditions":{"items":[{"items": ["minecraft:player_head"],"components":{
  "minecraft:custom_data": {
    "stellarity.head_id": 121}}}]}},
		"122": {"trigger": "minecraft:inventory_changed","conditions":{"items":[{"items": ["minecraft:player_head"],"components":{
  "minecraft:custom_data": {
    "stellarity.head_id": 122}}}]}},
		"123": {"trigger": "minecraft:inventory_changed","conditions":{"items":[{"items": ["minecraft:player_head"],"components":{
  "minecraft:custom_data": {
    "stellarity.head_id": 123}}}]}},
		"124": {"trigger": "minecraft:inventory_changed","conditions":{"items":[{"items": ["minecraft:player_head"],"components":{
  "minecraft:custom_data": {
    "stellarity.head_id": 124}}}]}},
		"125": {"trigger": "minecraft:inventory_changed","conditions":{"items":[{"items": ["minecraft:player_head"],"components":{
  "minecraft:custom_data": {
    "stellarity.head_id": 125}}}]}},
		"126": {"trigger": "minecraft:inventory_changed","conditions":{"items":[{"items": ["minecraft:player_head"],"components":{
  "minecraft:custom_data": {
    "stellarity.head_id": 126}}}]}},
		"127": {"trigger": "minecraft:inventory_changed","conditions":{"items":[{"items": ["minecraft:player_head"],"components":{
  "minecraft:custom_data": {
    "stellarity.head_id": 127}}}]}},
		"128": {"trigger": "minecraft:inventory_changed","conditions":{"items":[{"items": ["minecraft:player_head"],"components":{
  "minecraft:custom_data": {
    "stellarity.head_id": 128}}}]}},
		"129": {"trigger": "minecraft:inventory_changed","conditions":{"items":[{"items": ["minecraft:player_head"],"components":{
  "minecraft:custom_data": {
    "stellarity.head_id": 129}}}]}},
		"130": {"trigger": "minecraft:inventory_changed","conditions":{"items":[{"items": ["minecraft:player_head"],"components":{
  "minecraft:custom_data": {
    "stellarity.head_id": 130}}}]}},
		"131": {"trigger": "minecraft:inventory_changed","conditions":{"items":[{"items": ["minecraft:player_head"],"components":{
  "minecraft:custom_data": {
    "stellarity.head_id": 131}}}]}},
		"132": {"trigger": "minecraft:inventory_changed","conditions":{"items":[{"items": ["minecraft:player_head"],"components":{
  "minecraft:custom_data": {
    "stellarity.head_id": 132}}}]}},
		"133": {"trigger": "minecraft:inventory_changed","conditions":{"items":[{"items": ["minecraft:player_head"],"components":{
  "minecraft:custom_data": {
    "stellarity.head_id": 133}}}]}}
	},
	"requirements": [
		["1"],["2"],["3"],["4"],["5"],["6"],["7"],["8"],["9"],["10"],["11"],["12"],["13"],["14"],["15"],["16"],["17"],["18"],["19"],["20"],["21"],["22"],["23"],["24"],["25"],["26"],["27"],["28"],["29"],["30"],["31"],["32"],["33"],["34"],["35"],["36"],["37"],["38"],["39"],["40"],["41"],["42"],["43"],["44"],["45"],["46"],["47"],["48"],["49"],["50"],["51"],["52"],["53"],["54"],["55"],["56"],["57"],["58"],["59"],["60"],["61"],["62"],["63"],["64"],["65"],["66"],["67"],["68"],["69"],["70"],["71"],["72"],["73"],["74"],["75"],["76"],["77"],["78"],["79"],["80"],["81"],["82"],["83"],["84"],["85"],["86"],["87"],["88"],["89"],["90"],["91"],["92"],["93"],["94"],["95"],["96"],["97"],["98"],["99"],["100"],["101"],["102"],["103"],["104"],["105"],["106"],["107"],["108"],["109"],["110"],["111"],["112"],["113"],["114"],["115"],["116"],["117"],["118"],["119"],["120"],["121"],["122"],["123"],["124"],["125"],["126"],["127"],["128"],["129"],["130"],["131"],["132"],["133"]
	],
	"rewards": {
		"experience": 50000
	}
}
