{
    "type": "minecraft:vegetation_patch",
    "config": {
        "surface": "floor",
        "depth": 1,
        "vertical_range": 40,
        "extra_bottom_block_chance": 0,
        "extra_edge_column_chance": 0.5,
        "vegetation_chance": 1,
        "xz_radius": {
            "type": "minecraft:uniform",
            "min_inclusive": 3,
            "max_inclusive": 6
        },
        "replaceable": "#stellarity:the_nest/surface_blocks",
        "ground_state": {
            "type": "minecraft:simple_state_provider",
            "state": {
                "Name": "minecraft:deepslate",
                "Properties": {
                    "axis": "y"
                }
            }
        },
        "vegetation_feature": {
            "feature": {
                "type": "minecraft:block_column",
                "config": {
                    "direction": "up",
                    "allowed_placement": {
                        "type": "minecraft:matching_blocks",
                        "blocks": [
                            "minecraft:air"
                        ]
                    },
                    "prioritize_tip": true,
                    "layers": [
                        {
                            "height": 1,
                            "provider": {
                                "type": "minecraft:simple_state_provider",
                                "state": {
                                    "Name": "minecraft:deepslate",
                                    "Properties": {
                                        "axis": "y"
                                    }
                                }
                            }
                        }
                    ]
                }
            },
            "placement": []
        }
    }
}