[
	{
		"function": "minecraft:copy_nbt",
		"source": {
			"type": "minecraft:storage",
			"source": "kohara:temp"
		},
		"ops": [
			{
				"source": "object.tag",
				"target": "{}",
				"op": "merge"
			}
		]
	},
	{
		"function": "minecraft:set_lore",	
							"mode": "replace_all",
		"entity": "this",
		"lore": [
			{
				"translate": "item.durability",
				"with": [
					{
						"nbt": "object.tag.\"kohara.durability\".dur",
						"storage": "kohara:temp"
					},
					{
						"nbt": "object.tag.\"kohara.durability\".max_dur",
						"storage": "kohara:temp"
					}
			],
				"color": "gray",
				"italic": false
			}
		],
		"replace": false
	}
]
