{
	"parent": "stellarity:events/root",
	"criteria": {
		"criteria": {
			"trigger": "minecraft:player_hurt_entity",
			"conditions": {
				"player": {
					"equipment": {
						"head": {
							"components":{
								"minecraft:custom_data": {
									"stellarity.special_item": "chorus_champion_armor"
								}
							}
						},
						"chest": {
									"components":{
								"minecraft:custom_data": {
									"stellarity.special_item": "chorus_champion_armor"
								}
							}
						},
						"legs": {
									"components":{
								"minecraft:custom_data": {
									"stellarity.special_item": "chorus_champion_armor"
								}
							}
						},
						"feet": {
									"components":{
								"minecraft:custom_data": {
									"stellarity.special_item": "chorus_champion_armor"
								}
							}
						}
					}
				},
				"damage": {
					"blocked": false,
					"type": {
						"tags":[
							{
								"id": "stellarity:melee",
								"expected": true
							}	
						]
					}
				},
				"entity": {
					"entitynbt":"{HurtTime:10s}",
					"distance": {
						"absolute": {
							"max": 6.5
						}
					}
				}
			}
		}
	},
	"rewards": {
		"function": "stellarity:items/armor/chorus_champion/attack"
	}
}
