{
    "type": "minecraft:waterlogged_vegetation_patch",
    "config": {
        "vegetation_chance": 0.111,
        "xz_radius": {
            "type": "minecraft:uniform",
            "min_inclusive": 3,
            "max_inclusive": 5
        },
        "extra_edge_column_chance": 0.7,
        "extra_bottom_block_chance": 0.8,
        "vertical_range": 5,
        "vegetation_feature": {
            "feature": "minecraft:dripleaf",
            "placement": []
        },
        "surface": "floor",
        "depth": 3,
        "replaceable": "#minecraft:lush_ground_replaceable",
        "ground_state": {
            "state": {
                "Name": "minecraft:moss_block"
            },
            "type": "minecraft:simple_state_provider"
        }
    }
}