{
	"parent": "stellarity:events/items/spellbooks/natures_wrath/root",
	"criteria": {
		"1": {
			"trigger": "minecraft:location",
			"conditions": {
				"player": [
					{
						"condition": "minecraft:inverted",
						"term": {
							"condition": "minecraft:entity_properties",
							"entity": "this",
							"predicate": {
								"equipment": {
									"mainhand": {
										"components": { 
											"minecraft:custom_data": "{stellarity.spirits:[\"mountain\"]}"
										}
									}
								}
							}
						}
					},
					{
						"condition": "minecraft:reference",
						"name": "stellarity:items/holding/spellbooks/natures_wrath"
					},
					{
						"condition": "minecraft:location_check",
						"predicate": {
							"biomes": "minecraft:windswept_forest"
						}
					}
				]
			}
		},
		"2": {
			"trigger": "minecraft:location",
			"conditions": {
				"player": [
					{
						"condition": "minecraft:inverted",
						"term": {
							"condition": "minecraft:entity_properties",
							"entity": "this",
							"predicate": {
								"equipment": {
									"mainhand": {
										"components": { 
											"minecraft:custom_data": "{stellarity.spirits:[\"mountain\"]}"
										}
									}
								}
							}
						}
					},
					{
						"condition": "minecraft:reference",
						"name": "stellarity:items/holding/spellbooks/natures_wrath"
					},
					{
						"condition": "minecraft:location_check",
						"predicate": {
							"biomes": "minecraft:windswept_hills"
						}
					}
				]
			}
		},
		"3": {
			"trigger": "minecraft:location",
			"conditions": {
				"player": [
					{
						"condition": "minecraft:inverted",
						"term": {
							"condition": "minecraft:entity_properties",
							"entity": "this",
							"predicate": {
								"equipment": {
									"mainhand": {
										"components": { 
											"minecraft:custom_data": "{stellarity.spirits:[\"mountain\"]}"
										}
									}
								}
							}
						}
					},
					{
						"condition": "minecraft:reference",
						"name": "stellarity:items/holding/spellbooks/natures_wrath"
					},
					{
						"condition": "minecraft:location_check",
						"predicate": {
							"biomes": "minecraft:windswept_hills"
						}
					}
				]
			}
		},
		"4": {
			"trigger": "minecraft:location",
			"conditions": {
				"player": [
					{
						"condition": "minecraft:inverted",
						"term": {
							"condition": "minecraft:entity_properties",
							"entity": "this",
							"predicate": {
								"equipment": {
									"mainhand": {
										"components": { 
											"minecraft:custom_data": "{stellarity.spirits:[\"mountain\"]}"
										}
									}
								}
							}
						}
					},
					{
						"condition": "minecraft:reference",
						"name": "stellarity:items/holding/spellbooks/natures_wrath"
					},
					{
						"condition": "minecraft:location_check",
						"predicate": {
							"biomes": "minecraft:stony_peaks"
						}
					}
				]
			}
		},
		"5": {
			"trigger": "minecraft:location",
			"conditions": {
				"player": [
					{
						"condition": "minecraft:inverted",
						"term": {
							"condition": "minecraft:entity_properties",
							"entity": "this",
							"predicate": {
								"equipment": {
									"mainhand": {
										"components": { 
											"minecraft:custom_data": "{stellarity.spirits:[\"mountain\"]}"
										}
									}
								}
							}
						}
					},
					{
						"condition": "minecraft:reference",
						"name": "stellarity:items/holding/spellbooks/natures_wrath"
					},
					{
						"condition": "minecraft:location_check",
						"predicate": {
							"biomes": "minecraft:stony_shore"
						}
					}
				]
			}
		},
		"6": {
			"trigger": "minecraft:location",
			"conditions": {
				"player": [
					{
						"condition": "minecraft:inverted",
						"term": {
							"condition": "minecraft:entity_properties",
							"entity": "this",
							"predicate": {
								"equipment": {
									"mainhand": {
										"components": { 
											"minecraft:custom_data": "{stellarity.spirits:[\"mountain\"]}"
										}
									}
								}
							}
						}
					},
					{
						"condition": "minecraft:reference",
						"name": "stellarity:items/holding/spellbooks/natures_wrath"
					},
					{
						"condition": "minecraft:location_check",
						"predicate": {
							"biomes": "minecraft:cherry_grove"
						}
					}
				]
			}
		}
	},
	"requirements": [
		[
			"1",
			"2",
			"3",
			"4",
			"5",
			"6"
		]
	],
	"rewards": {
		"function": "stellarity:items/spellbooks/natures_wrath/discover_biomes"
	}
}
