{
	"temperature": 0.5,
	"downfall": 0.5,
	"has_precipitation": false,
	"effects": {
		"sky_color": 0,
		"fog_color": 0,
		"water_color": 7098782,
		"water_fog_color": 7098782,
		"grass_color": 11559897,
		"foliage_color": 12673499,
		"ambient_sound": {
			"sound_id": "stellarity:ambient.end.heavenly.grim"
		},
		"mood_sound": {
			"sound": "minecraft:ambient.nether_wastes.mood",
			"tick_delay": 900,
			"block_search_extent": 8,
			"offset": 2
		},
		"additions_sound": {
			"sound": "minecraft:ambient.crimson_forest.additions",
			"tick_chance": 0.001
		}
	},
	"spawners": {
		"monster": [
			{
				"type": "minecraft:enderman",
				"weight": 10,
				"minCount": 3,
				"maxCount": 3
			}
		]
	},
	"spawn_costs": {},
	"carvers": {},
	"features": [
		[
			"stellarity:global/stalactite"
		],
		[
			"stellarity:midlands/obsidian",
			"stellarity:midlands/rocks"
		],
		[],
		[],
		[],
		[
			"stellarity:midlands/patches"
		],
		[],
		[],
		[],
		[
			"stellarity:midlands/chorus_plant"
		],
		[
			"stellarity:global/end_dungeon",
			"stellarity:global/fossil"
		]
	]
}
