{
	"parent": "stellarity:events/root",
	"criteria": {
		"click": {
			"trigger": "minecraft:player_killed_entity",
			"conditions": {
				"player": {
					"equipment": {
						"mainhand": {
							"items": [
								"minecraft:netherite_axe"
							],
							"components": {
								"minecraft:custom_data": "{stellarity.special_item:\"kaleidoscope\"}"
							}
						}
					}
				},
				"killing_blow": {
					"tags": [
						{
							"id": "stellarity:melee",
							"expected": true
						}
					]
				}
			}
		}
	},
	"rewards": {
		"function": "stellarity:items/kaleidoscope/kill"
	}
}
