{
	"type": "minecraft:jigsaw",
	"biomes": "#minecraft:has_structure/stronghold",
	"step": "surface_structures",
	"spawn_overrides": {
		"monster": {
			"bounding_box": "piece",
			"spawns": []
		},
		"misc": {
			"bounding_box": "piece",
			"spawns": []
		},
		"ambient": {
			"bounding_box": "piece",
			"spawns": []
		}
	},
	"terrain_adaptation": "bury",
	"start_pool": "stellarity:stronghold/portal_room",
	"size": 7,
	"start_height": {
		"type": "minecraft:uniform",
		"min_inclusive": {
			"above_bottom": 50
		},
		"max_inclusive": {
			"absolute": 25
		}
	},
	"max_distance_from_center": 115,
	"use_expansion_hack": false
}
