{
	"parent": "stellarity:events/root",
	"criteria": {
		"plant_duskberry": {
			"trigger": "minecraft:placed_block",
			"conditions": {
				"location": [
					{
						"condition": "minecraft:match_tool",
						"predicate": {
							"items": [
								"minecraft:sweet_berries"
							],
							"components": {
								"minecraft:custom_data": "{stellarity.special_item:\"duskberry\"}"
							}
						}
					}
				]
			}
		}
	},
	"requirements": [
		[
			"plant_duskberry"
		]
	],
	"rewards": {
		"function": "stellarity:items/duskberry/plant"
	}
}
