{
	"parent": "stellarity:events/root",
	"criteria": {
		"requirement": {
			"trigger": "minecraft:consume_item",
			"conditions": {
				"player": [
					{
						"condition": "minecraft:inverted",
						"term": {
							"condition": "minecraft:entity_properties",
							"entity": "this",
							"predicate": {
								"nbt":"{Tags:[\"stellarity.perm_buffs.miracle_fruit\"]}"
							}
						}
					}
				],
				"item": {
					"items": [
						"minecraft:apple"
					],
					"components": {
						"minecraft:custom_data": "{stellarity.special_item:\"miracle_fruit\"}"
					}
				}
			}
		}
	},
	"rewards": {
		"function": "stellarity:items/food/perm_buffs/miracle_fruit/eat"
	}
}
