{
	"type": "minecraft:block",
	"pools": [
		{
			"rolls": 1,
			"bonus_rolls": 0,
			"entries": [
				{
					"type": "minecraft:alternatives",
					"children": [
						{
							"type": "minecraft:item",
							"name": "minecraft:stone",
							"conditions": [
								{
									"condition": "minecraft:match_tool",
									"predicate": {
										"enchantments": [
											{
												"enchantment": "minecraft:silk_touch",
												"levels": {
													"min": 1
												}
											}
										]
									}
								}
							]
						},
						{
							"type": "minecraft:item",
							"name": "minecraft:cobblestone",
							"conditions": [
								{
									"condition": "minecraft:survives_explosion"
								}
							]
						}
					]
				}
			]
		},
		{
			"rolls": 1,
			"entries": [
				{
					"type": "minecraft:empty",
					"weight": 154
				},
				{
					"type": "minecraft:item",
					"weight": 4,
					"name": "minecraft:gold_nugget",
					"functions": [
						{
							"function": "minecraft:set_count",
							"count": {
								"min": 1,
								"max": 2
							}
						}
					]
				},
				{
					"type": "minecraft:item",
					"weight": 4,
					"name": "minecraft:iron_nugget",
					"functions": [
						{
							"function": "minecraft:set_count",
							"count": {
								"min": 1,
								"max": 2
							}
						}
					]
				},
				{
					"type": "minecraft:item",
					"weight": 5,
					"name": "minecraft:raw_copper"
				},
				{
					"type": "minecraft:item",
					"quality": 1,
					"name": "minecraft:redstone",
					"functions": [
						{
							"function": "minecraft:set_count",
							"count": {
								"min": 2,
								"max": 3
							}
						}
					]
				},
				{
					"type": "minecraft:item",
					"quality": 1,
					"name": "minecraft:lapis_lazuli",
					"functions": [
						{
							"function": "minecraft:set_count",
							"count": {
								"min": 1,
								"max": 3
							}
						}
					]
				},
				{
					"type": "minecraft:item",
					"weight": 7,
					"name": "minecraft:bone"
				},
				{
					"type": "minecraft:item",
					"weight": 6,
					"name": "minecraft:gunpowder"
				},
				{
					"type": "minecraft:item",
					"weight": 2,
					"name": "minecraft:coal"
				},
				{
					"type": "minecraft:item",
					"weight": 4,
					"name": "minecraft:flint"
				}
			],
			"conditions": [
				{
					"condition": "minecraft:match_tool",
					"predicate": {
						"components": {
							"minecraft:custom_data": "{stellarity.special_item:\"hematic_pickaxe\"}"
						}
					}
				}
			]
		}
	],
	"random_sequence": "minecraft:blocks/stone"
}
