{
	"display": {
		"icon": {
			"id": "minecraft:jukebox"
		},
		"title": {
			"translate": "stellarity.advancements.champions_ballad",
			"fallback": "Champions Ballad"
		},
		"description": {
			"translate": "stellarity.advancements.champions_ballad.description",
			"fallback": "Can't fight a Dragon without some good tunes!",
			"color": "aqua"
		},
		"frame": "task",
		"show_toast": true,
		"announce_to_chat": true,
		"hidden": true
	},
	"parent": "minecraft:adventure/play_jukebox_in_meadows",
	"criteria": {
		"play_jukebox_in_the_end": {
			"trigger": "minecraft:item_used_on_block",
			"conditions": {
				"location": [
					{
						"condition": "minecraft:match_tool",
						"predicate": {
							"tag": "minecraft:music_discs"
						}
					},
					{
						"condition": "minecraft:block_state_property",
						"block": "minecraft:jukebox",
						"properties": {}
					},
					{
						"condition": "minecraft:location_check",
						"predicate": {
							"biomes": "stellarity:dragons_den"
						}
					}
				]
			}
		}
	},
	"requirements": [
		[
			"play_jukebox_in_the_end"
		]
	]
}
