{
    "type": "minecraft:vegetation_patch",
    "config": {
        "surface": "floor",
        "depth": 1,
        "vertical_range": 5,
        "extra_bottom_block_chance": 0,
        "extra_edge_column_chance": 0.5,
        "vegetation_chance": 1,
        "xz_radius": {
            "type": "minecraft:uniform",
            "min_inclusive": 0,
            "max_inclusive": 3
        },
        "replaceable": "#far_end:single/end_stone",
        "ground_state": {
            "type": "minecraft:weighted_state_provider",
            "entries": [
                {
                    "weight": 6,
                    "data": {
                        "Name": "minecraft:rooted_dirt"
                    }
                },
                {
                    "weight": 20,
                    "data": {
                        "Name": "minecraft:end_stone"
                    }
                },
                {
                    "weight": 35,
                    "data": {
                        "Name": "minecraft:grass_block",
                        "Properties": {
                            "snowy": "false"
                        }
                    }
                },
                {
                    "weight": 10,
                    "data": {
                        "Name": "minecraft:coarse_dirt"
                    }
                },
                {
                    "weight": 1,
                    "data": {
                        "Name": "minecraft:gravel"
                    }
                }
            ]
        },
        "vegetation_feature": {
            "feature": {
                "type": "minecraft:flower",
                "config": {
                    "tries": 50,
                    "xz_spread": 7,
                    "y_spread": 3,
                    "feature": {
                        "feature": {
                            "type": "minecraft:simple_block",
                            "config": {
                                "to_place": {
                                    "type": "minecraft:weighted_state_provider",
                                    "entries": [
                                        {
                                            "weight": 2,
                                            "data": {
                                                "Name": "minecraft:fern"
                                            }
                                        },
                                        {
                                            "weight": 11,
                                            "data": {
                                                "Name": "minecraft:short_grass"
                                            }
                                        },
                                        {
                                            "weight": 2,
                                            "data": {
                                                "Name": "minecraft:tall_grass",
                                                "Properties": {
                                                    "half": "lower"
                                                }
                                            }
                                        },
                                        {
                                            "weight": 2,
                                            "data": {
                                                "Name": "minecraft:large_fern",
                                                "Properties": {
                                                    "half": "lower"
                                                }
                                            }
                                        },
                                        {
                                            "weight": 1,
                                            "data": {
                                                "Name": "minecraft:acacia_leaves",
                                                "Properties": {
                                                    "distance": "1",
                                                    "persistent": "true",
                                                    "waterlogged": "false"
                                                }
                                            }
                                        }
                                    ]
                                }
                            }
                        },
                        "placement": [
                            {
                                "type": "minecraft:block_predicate_filter",
                                "predicate": {
                                    "type": "minecraft:all_of",
                                    "predicates": [
                                        {
                                            "type": "minecraft:would_survive",
                                            "state": {
                                                "Name": "minecraft:short_grass"
                                            }
                                        },
                                        {
                                            "type": "minecraft:matching_blocks",
                                            "blocks": [
                                                "minecraft:air"
                                            ]
                                        }
                                    ]
                                }
                            }
                        ]
                    }
                }
            },
            "placement": []
        }
    }
}